icon,photo
icon/IMG_1835.jpg,https://code4fukui.github.io/jihanki/img/IMG_1835.jpg
icon/IMG_1836.jpg,https://code4fukui.github.io/jihanki/img/IMG_1836.jpg
icon/IMG_1837.jpg,https://code4fukui.github.io/jihanki/img/IMG_1837.jpg
icon/IMG_1838.jpg,https://code4fukui.github.io/jihanki/img/IMG_1838.jpg
icon/IMG_1839.jpg,https://code4fukui.github.io/jihanki/img/IMG_1839.jpg
icon/IMG_1841.jpg,https://code4fukui.github.io/jihanki/img/IMG_1841.jpg
icon/IMG_1843.jpg,https://code4fukui.github.io/jihanki/img/IMG_1843.jpg
icon/IMG_1844.jpg,https://code4fukui.github.io/jihanki/img/IMG_1844.jpg
icon/IMG_2285.jpg,https://code4fukui.github.io/jihanki/img/IMG_2285.jpg
icon/IMG_2286.jpg,https://code4fukui.github.io/jihanki/img/IMG_2286.jpg
icon/IMG_2287.jpg,https://code4fukui.github.io/jihanki/img/IMG_2287.jpg
icon/IMG_2288.jpg,https://code4fukui.github.io/jihanki/img/IMG_2288.jpg
icon/IMG_2289.jpg,https://code4fukui.github.io/jihanki/img/IMG_2289.jpg
icon/IMG_2290.jpg,https://code4fukui.github.io/jihanki/img/IMG_2290.jpg
icon/IMG_2291.jpg,https://code4fukui.github.io/jihanki/img/IMG_2291.jpg
icon/IMG_2292.jpg,https://code4fukui.github.io/jihanki/img/IMG_2292.jpg
icon/IMG_2293.jpg,https://code4fukui.github.io/jihanki/img/IMG_2293.jpg
icon/IMG_2294.jpg,https://code4fukui.github.io/jihanki/img/IMG_2294.jpg
icon/IMG_2295.jpg,https://code4fukui.github.io/jihanki/img/IMG_2295.jpg
icon/IMG_2297.jpg,https://code4fukui.github.io/jihanki/img/IMG_2297.jpg