icon,photo,lat,lng
icon/IMG_2299.jpg,https://code4fukui.github.io/jihanki/img/IMG_2299.jpg,35.943322,136.195267
icon/IMG_1838.jpg,https://code4fukui.github.io/jihanki/img/IMG_1838.jpg,35.943078,136.188522
icon/IMG_2302.jpg,https://code4fukui.github.io/jihanki/img/IMG_2302.jpg,35.943703,136.191056
icon/IMG_2289.jpg,https://code4fukui.github.io/jihanki/img/IMG_2289.jpg,35.943622,136.186356
icon/IMG_2288.jpg,https://code4fukui.github.io/jihanki/img/IMG_2288.jpg,35.943961,136.186019
icon/IMG_2303.jpg,https://code4fukui.github.io/jihanki/img/IMG_2303.jpg,35.943653,136.191056
icon/IMG_1839.jpg,https://code4fukui.github.io/jihanki/img/IMG_1839.jpg,35.943058,136.188539
icon/IMG_2301.jpg,https://code4fukui.github.io/jihanki/img/IMG_2301.jpg,35.943119,136.194611
icon/IMG_2300.jpg,https://code4fukui.github.io/jihanki/img/IMG_2300.jpg,35.943417,136.195389
icon/IMG_1837.jpg,https://code4fukui.github.io/jihanki/img/IMG_1837.jpg,35.943081,136.188539
icon/IMG_2292.jpg,https://code4fukui.github.io/jihanki/img/IMG_2292.jpg,35.942439,136.191025
icon/IMG_2286.jpg,https://code4fukui.github.io/jihanki/img/IMG_2286.jpg,35.941925,136.180161
icon/IMG_2287.jpg,https://code4fukui.github.io/jihanki/img/IMG_2287.jpg,35.941906,136.180175
icon/IMG_2293.jpg,https://code4fukui.github.io/jihanki/img/IMG_2293.jpg,35.942453,136.191056
icon/IMG_1836.jpg,https://code4fukui.github.io/jihanki/img/IMG_1836.jpg,35.943353,136.188600
icon/IMG_2285.jpg,https://code4fukui.github.io/jihanki/img/IMG_2285.jpg,35.940106,136.180558
icon/IMG_2291.jpg,https://code4fukui.github.io/jihanki/img/IMG_2291.jpg,35.942872,136.188400
icon/IMG_2290.jpg,https://code4fukui.github.io/jihanki/img/IMG_2290.jpg,35.943461,136.187881
icon/IMG_1835.jpg,https://code4fukui.github.io/jihanki/img/IMG_1835.jpg,35.943511,136.181581
icon/IMG_2294.jpg,https://code4fukui.github.io/jihanki/img/IMG_2294.jpg,35.942928,136.197494
icon/IMG_2295.jpg,https://code4fukui.github.io/jihanki/img/IMG_2295.jpg,35.942919,136.197556
icon/IMG_2297.jpg,https://code4fukui.github.io/jihanki/img/IMG_2297.jpg,35.943078,136.198167
icon/IMG_1841.jpg,https://code4fukui.github.io/jihanki/img/IMG_1841.jpg,35.942647,136.189408
icon/IMG_1843.jpg,https://code4fukui.github.io/jihanki/img/IMG_1843.jpg,35.942867,136.192947
icon/IMG_1844.jpg,https://code4fukui.github.io/jihanki/img/IMG_1844.jpg,35.943417,136.192733
